Date,S&P500
2014-05-12,
2014-05-13,0.0008430761504862883
2014-05-14,-0.009400299077922503
2014-05-15,-0.018631982925747748
2014-05-16,0.007387454768636337
2014-05-19,0.007608762258139112
2014-05-20,-0.012909603554321691
2014-05-21,0.01601844685923992
2014-05-22,0.004700149538961362
2014-05-23,0.008472915312387475
2014-05-27,0.011992758240667811
2014-05-28,-0.0022446902506698674
2014-05-29,0.01080191317810586
2014-05-30,0.0037306119659019643
2014-06-02,0.001475383263351171
2014-06-03,-0.0007693069873186964
2014-06-04,0.003835996484712778
2014-06-05,0.013257372466397355
2014-06-06,0.009463529789208724
2014-06-09,0.001928536694237426
2014-06-10,-0.000505845690291773
2014-06-11,-0.007271531797944375
2014-06-12,-0.014521986692126898
2014-06-13,0.006375763388052791
2014-06-16,0.0017072292047348725
2014-06-17,0.004436688241934217
2014-06-18,0.015797139369737367
2014-06-19,0.0026346129702696786
2014-06-20,0.0035725351876856326
2014-06-23,-0.00027399974890807144
2014-06-24,-0.013310064725802428
2014-06-25,0.010064221546430163
2014-06-26,-0.002434382384529199
2014-06-27,0.003941381003523592
2014-06-30,-0.0007693069873186964
2014-07-01,0.013794833512332128
2014-07-02,0.0013699987445403572
2014-07-03,0.01140260493532752
2014-07-07,-0.008209454015360329
2014-07-08,-0.014690601922224156
2014-07-09,0.009611068115543908
2014-07-10,-0.008588838283079214
2014-07-11,0.0030456125936315637
2014-07-14,0.010043144642668311
2014-07-15,-0.00402568861857211
2014-07-16,0.008736376609414398
2014-07-17,-0.02471266966113017
2014-07-18,0.02118228828096891
2014-07-21,-0.004837149413415176
2014-07-22,0.0104330673622679
2014-07-23,0.0036673812546155204
2014-07-24,0.001022229832464694
2014-07-25,-0.010159067613360273
2014-07-28,0.0006006917572216608
2014-07-29,-0.00944245288544665
2014-07-30,0.00012646142257266568
2014-07-31,-0.04152150041145086
2014-08-01,-0.0058172254383555
2014-08-04,0.01458521740341312
2014-08-05,-0.019791212632666255
2014-08-06,3.161535564322193e-05
2014-08-07,-0.011244528157111189
2014-08-08,0.023205671042135778
2014-08-11,0.0056169948526152425
2014-08-12,-0.003340689246302153
2014-08-13,0.013668372089759462
2014-08-14,0.008915530291392804
2014-08-15,-0.00012646142257310977
2014-08-18,0.017578137737639832
2014-08-19,0.010390913554743753
2014-08-20,0.005174379873609913
2014-08-21,0.006175532802312089
2014-08-22,-0.004183765396788219
2014-08-25,0.010032606190787163
2014-08-26,0.0022130748950266455
2014-08-27,0.00010538451881059174
2014-08-28,-0.0035619967358044846
2014-08-29,0.0069869935971551556
2014-09-02,-0.0011486912550375816
2014-09-03,-0.0016439984934482066
2014-09-04,-0.0032353047274911173
2014-09-05,0.01060168259236538
2014-09-08,-0.006502224810625901
2014-09-09,-0.013805371964213276
2014-09-10,0.007640377613782112
2014-09-11,0.0018547675310700562
2014-09-12,-0.012551296190365102
2014-09-15,-0.001485921715232097
2014-09-16,0.015649601043402184
2014-09-17,0.0027294590371993444
2014-09-18,0.010317144391576383
2014-09-19,-0.001011691380583546
2014-09-22,-0.01697744598041817
2014-09-23,-0.012140296567002995
2014-09-24,0.016366215771315584
2014-09-25,-0.03404973802776601
2014-09-26,0.01776782987149894
2014-09-29,-0.005321918199944875
2014-09-30,-0.005806686986474352
2014-10-01,-0.02753697476525918
2014-10-02,1.0538451880925948e-05
2014-10-03,0.022900055937584707
2014-10-06,-0.0032458431793724873
2014-10-07,-0.03132027899056666
2014-10-08,0.03560942890616592
2014-10-09,-0.04287042225222937
2014-10-10,-0.023268901753422222
2014-10-13,-0.03308020045470683
2014-10-14,0.0031193817567993776
2014-10-15,-0.01602898531112107
2014-10-16,0.0002845382007889974
2014-10-17,0.025292284514589536
2014-10-20,0.01817882949486127
2014-10-21,0.03927681016078122
2014-10-22,-0.014932986315489005
2014-10-23,0.024986669410038242
2014-10-24,0.014500909788364602
2014-10-27,-0.0031088433049180075
2014-10-28,0.024681054305486727
2014-10-29,-0.002898074267296824
2014-10-30,0.013014988073132727
2014-10-31,0.024659977401724653
2014-11-03,-0.0002529228451459975
2014-11-04,-0.00601745602409598
2014-11-05,0.012087604307597477
2014-11-06,0.008051377237144441
2014-11-07,0.0007482300835566225
2014-11-10,0.006681378492604084
2014-11-11,0.001496460167113245
2014-11-12,-0.001506998618994393
2014-11-13,0.0011381528031564336
2014-11-14,0.0005163841421729209
2014-11-17,0.0015807677821617627
2014-11-18,0.011044297571371153
2014-11-19,-0.0032458431793729314
2014-11-20,0.004246996108075107
2014-11-21,0.011328835772159929
2014-11-24,0.006228225061717385
2014-11-25,-0.0025081515476963467
2014-11-26,0.006112302091025423
2014-11-28,-0.0055537641413285765
2014-12-01,-0.014880294056083265
2014-12-02,0.013815910416094646
2014-12-03,0.008198915563479181
2014-12-04,-0.0025397669033400128
2014-12-05,0.0036357658989720765
2014-12-08,-0.015870908532904737
2014-12-09,-0.0005163841421726989
2014-12-10,-0.03549350593547396
2014-12-11,0.009684837278711278
2014-12-12,-0.034776891207560556
2014-12-15,-0.01338383388897002
2014-12-16,-0.017799445227142385
2014-12-17,0.04231188430253208
2014-12-18,0.05094287639313566
2014-12-19,0.00992722167197635
2014-12-22,0.008314838534171143
2014-12-23,0.003825458032831852
2014-12-24,-0.00030561510455129337
2014-12-26,0.007260993346063227
2014-12-29,0.0018969213385944261
2014-12-30,-0.01077029782246286
2014-12-31,-0.02260497928491434
2015-01-02,-0.0007376916316756965
2015-01-05,-0.039645655976618954
2015-01-06,-0.01893759803029882
2015-01-07,0.024544054431032913
2015-01-08,0.03819134961703008
2015-01-09,-0.01826313710990979
2015-01-12,-0.017441137863185574
2015-01-13,-0.005511610333804429
2015-01-14,-0.01239321941214877
2015-01-15,-0.019601520498806924
2015-01-16,0.02819035878188636
2015-01-20,0.003298535438777561
2015-01-21,0.01008529845019246
2015-01-22,0.03270081618698817
2015-01-23,-0.011940065981262293
2015-01-26,0.0055537641413285765
2015-01-27,-0.029022896480491722
2015-01-28,-0.02886481970227517
2015-01-29,0.020117904640979845
2015-01-30,-0.02767397463971344
2015-02-02,0.027252436564470184
2015-02-03,0.03075120258898867
2015-02-04,-0.00897876100267947
2015-02-05,0.022141287402146714
2015-02-06,-0.007429608576160707
2015-02-09,-0.009200068492181801
2015-02-10,0.023026517360157595
2015-02-11,-6.323071128644386e-05
2015-02-12,0.021024211502752355
2015-02-13,0.0089682225507981
2015-02-17,0.0035303813801617068
2015-02-18,-0.0006955378241515486
2015-02-19,-0.002350074769480681
2015-02-20,0.013541910667187018
2015-02-23,-0.0006744609203894747
2015-02-24,0.006133378994788163
2015-02-25,-0.0017072292047346505
2015-02-26,-0.0032879969868970793
2015-02-27,-0.006575993973793048
2015-03-02,0.013584064474710722
2015-03-03,-0.010127452257716607
2015-03-04,-0.009748067989997944
2015-03-05,0.0026451514221506045
2015-03-06,-0.031383509701852885
2015-03-09,0.008609915186841066
2015-03-10,-0.03716911978456516
2015-03-11,-0.0041310731373831455
2015-03-12,0.027094359786253852
2015-03-13,-0.01322575711075391
2015-03-16,0.029286357777518424
2015-03-17,-0.007282070249825301
2015-03-18,0.02657797564408093
2015-03-19,-0.010780836274343786
2015-03-20,0.01984390489207155
2015-03-23,-0.003878150292236926
2015-03-24,-0.013615679830354166
2015-03-25,-0.03208958597788514
2015-03-26,-0.005163841421728765
2015-03-27,0.005132226066085321
2015-03-30,0.02657797564408093
2015-03-31,-0.019338059201779778
2015-04-01,-0.00864153054248451
2015-04-02,0.007661454517544408
2015-04-06,0.014395525269553566
2015-04-07,-0.004520995856982735
2015-04-08,0.005869917697761018
2015-04-09,0.009779683345641166
2015-04-10,0.011465835646613964
2015-04-13,-0.010148529161479125
2015-04-14,0.0035936120914481506
2015-04-15,0.011370989579684077
2015-04-16,-0.0017283061084971685
2015-04-17,-0.025092053928849056
2015-04-20,0.020254904515434102
2015-04-21,-0.0032774585350157093
2015-04-22,0.01124452815711141
2015-04-23,0.005237610584895913
2015-04-24,0.005016303095393804
2015-04-27,-0.009242222299706171
2015-04-28,0.006154455898550237
2015-04-29,-0.00833591543793366
2015-04-30,-0.022489056314222156
2015-05-01,0.024006593385097474
2015-05-04,0.0065338401662689005
2015-05-05,-0.02637774505834045
2015-05-06,-0.009811298701284388
2015-05-07,0.008272684726646773
2015-05-08,0.02961304978583179
2015-05-11,-0.011349912675922003
2015-05-12,-0.0065443786181500485
2015-05-13,-0.0006744609203890306
2015-05-14,0.02383797815500066
2015-05-15,0.0017177676566157984
2015-05-18,0.006818378367057898
2015-05-19,-0.001443767907707727
2015-05-20,-0.0020866134724535357
2015-05-21,0.005237610584896579
2015-05-22,-0.005016303095393804
2015-05-26,-0.023037055812038743
2015-05-27,0.020318135226720324
2015-05-28,-0.00283484355601038
2015-05-29,-0.014121525520645717
2015-06-01,0.004573688116388253
2015-06-02,-0.0022446902506698674
2015-06-03,0.00471068799084251
2015-06-04,-0.01921159777920689
2015-06-05,-0.0031720740162048955
2015-06-08,-0.014279602298861827
2015-06-09,0.0009168453136538801
2015-06-10,0.026398821962102526
2015-06-11,0.003857073388475074
2015-06-12,-0.01554421652459137
2015-06-15,-0.010201221420884865
2015-06-16,0.012498603930959806
2015-06-17,0.004373457530647995
2015-06-18,0.02191997991264394
2015-06-19,-0.011855758366213998
2015-06-22,0.013552449119067722
2015-06-23,0.001422691003945653
2015-06-24,-0.01646106183824525
2015-06-25,-0.006607609329436492
2015-06-26,-0.0008641530542485842
2015-06-29,-0.0462111114985313
2015-06-30,0.005764533178950648
2015-07-01,0.015080524641823745
2015-07-02,-0.0006744609203888086
2015-07-06,-0.0084518384086254
2015-07-07,0.013257372466397355
2015-07-08,-0.0365262742198198
2015-07-09,0.004879303220939546
2015-07-10,0.026672821711010597
2015-07-13,0.024217362422719546
2015-07-14,0.009853452508808758
2015-07-15,-0.0016334600415670586
2015-07-16,0.017799445227142385
2015-07-17,0.002476536192053347
2015-07-20,0.0017283061084973905
2015-07-21,-0.009558375856138834
2015-07-22,-0.005332456651825801
2015-07-23,-0.012646142257294768
2015-07-24,-0.023711516732427773
2015-07-27,-0.012656680709175916
2015-07-28,0.02698897526744326
2015-07-29,0.01614490828181303
2015-07-30,6.323071128644386e-05
2015-07-31,-0.005047918451036804
2015-08-03,-0.006112302091025867
2015-08-04,-0.00497414928786899
2015-08-05,0.006871070626463416
2015-08-06,-0.0171565996623968
2015-08-07,-0.006312532676766125
2015-08-10,0.028042820455550732
2015-08-11,-0.02119282673284939
2015-08-12,0.0020866134724537577
2015-08-13,-0.0028032282003673803
2015-08-14,0.008588838283079436
2015-08-17,0.011486912550376038
2015-08-18,-0.0058172254383555
2015-08-19,-0.018242060206147492
2015-08-20,-0.04624272685417474
2015-08-21,-0.06833132199691572
2015-08-24,-0.08186269421222137
2015-08-25,-0.026978436815562334
2015-08-26,0.07682531421306571
2015-08-27,0.049688800619287266
2015-08-28,0.0012751526776104694
2015-08-31,-0.017588676189520758
2015-09-01,-0.06147078982233367
2015-09-02,0.036895120035657536
2015-09-03,0.002392228577005051
2015-09-04,-0.03152050957630714
2015-09-08,0.05078479961491955
2015-09-09,-0.028843742798513317
2015-09-10,0.01080191317810586
2015-09-11,0.009231683847825245
2015-09-14,-0.0084518384086254
2015-09-15,0.026409360413983896
2015-09-16,0.01814721413921805
2015-09-17,-0.005385148911231319
2015-09-18,-0.033902199701431046
2015-09-21,0.009421375981684577
2015-09-22,-0.025534668907854163
2015-09-23,-0.004194303848669589
2015-09-24,-0.006871070626463416
2015-09-25,-0.000948460669297102
2015-09-28,-0.052239105974508426
2015-09-29,0.002444920836410347
2015-09-30,0.03787519606059764
2015-10-01,0.003994073262928888
2015-10-02,0.0290228964804915
2015-10-05,0.037611734763570936
2015-10-06,-0.0075139161912092245
2015-10-07,0.016766676942796543
2015-10-08,0.018547675310699008
2015-10-09,0.0015386139746376148
2015-10-12,0.0027083821334372704
2015-10-13,-0.01451144824024575
2015-10-14,-0.009958837027619794
2015-10-15,0.03121489447175585
2015-10-16,0.009748067989997944
2015-10-19,0.0005796148534595869
2015-10-20,-0.0030456125936320078
2015-10-21,-0.01246698857531614
2015-10-22,0.03537758296478222
2015-10-23,0.023859055058762513
2015-10-26,-0.0041837653967886634
2015-10-27,-0.0055748410450906505
2015-10-28,0.025777053301119235
2015-10-29,-0.000990614476821472
2015-10-30,-0.010591144140484232
2015-11-02,0.026019437694384084
2015-11-03,0.0060490713797392015
2015-11-04,-0.007882762007047184
2015-11-05,-0.002508151547697013
2015-11-06,-0.0007693069873186964
2015-11-09,-0.021730287778784607
2015-11-10,0.003309073890658487
2015-11-11,-0.007081839664084821
2015-11-12,-0.030593125810772115
2015-11-13,-0.024164670163314028
2015-11-16,0.03177343242145314
2015-11-17,-0.002898074267296824
2015-11-18,0.03492442953389552
2015-11-19,-0.002465997740172643
2015-11-20,0.008356992341695957
2015-11-23,-0.0027189205853181964
2015-11-24,0.0026873052296747524
2015-11-25,-0.0002845382007889974
2015-11-27,0.0013067680332539133
2015-11-30,-0.010222298324646939
2015-12-01,0.02341644007975785
2015-12-02,-0.024364900749054508
2015-12-03,-0.03149943267254529
2015-12-04,0.04433526706369939
2015-12-07,-0.015407216650137334
2015-12-08,-0.014205833135694457
2015-12-09,-0.01682990765408343
2015-12-10,0.004858226317177472
2015-12-11,-0.04200626919798078
2015-12-14,0.010085298450192681
2015-12-15,0.022626056188676635
2015-12-16,0.03125704827928022
2015-12-17,-0.03285889296520428
2015-12-18,-0.038296734135841115
2015-12-21,0.016439984934483398
2015-12-22,0.01877952125208271
2015-12-23,0.026683360162891745
2015-12-24,-0.003477689120756189
2015-12-28,-0.00473176489460414
2015-12-29,0.02303705581203852
2015-12-30,-0.015807677821618293
2015-12-31,-0.020465673553055508
2016-01-04,-0.03296427748401487
2016-01-05,0.004268073011836959
2016-01-06,-0.02787420522545392
2016-01-07,-0.04970987752304956
2016-01-08,-0.022193979661552232
2016-01-11,0.0017283061084971685
2016-01-12,0.01581821627349944
2016-01-13,-0.05100610710442233
2016-01-14,0.03325935413668524
2016-01-15,-0.043745113758358656
2016-01-19,0.0010538451881079158
2016-01-20,-0.023184594138373704
2016-01-21,0.010180144517122347
2016-01-22,0.03995127108117025
2016-01-25,-0.03142566350937748
2016-01-26,0.027979589744264732
2016-01-27,-0.021793518490071273
2016-01-28,0.010970528408202895
2016-01-29,0.04940426241849827
2016-02-01,-0.0009063068617725101
2016-02-02,-0.03830727258772226
2016-02-03,0.01001152928702509
2016-02-04,0.0030772279492750076
2016-02-05,-0.03730611965901964
2016-02-08,-0.028042820455550954
2016-02-09,-0.0012962295813727653
2016-02-10,-0.00036884581583773723
2016-02-11,-0.02400659338509792
2016-02-12,0.03762227321545186
2016-02-16,0.0324584317937231
2016-02-17,0.03292212367649072
2016-02-18,-0.009474068241089872
2016-02-19,-5.2692259405517916e-05
2016-02-22,0.029212588614351054
2016-02-23,-0.025534668907854385
2016-02-24,0.008989299454560395
2016-02-25,0.02307920961956289
2016-02-26,-0.003846534936593926
2016-02-29,-0.016671830875866878
2016-03-01,0.04860334007553613
2016-03-02,0.00853614602367414
2016-03-03,0.007324224057349893
2016-03-04,0.006944839789631008
2016-03-07,0.0018653059829507601
2016-03-08,-0.02371151673242755
2016-03-09,0.010538451881078936
2016-03-10,0.0003266920083133673
2016-03-11,0.03437643003607982
2016-03-14,-0.0026873052296751965
2016-03-15,-0.00390976564788037
2016-03-16,0.011897912173738145
2016-03-17,0.014089910165002495
2016-03-18,0.009474068241089872
2016-03-21,0.0021287672799779056
2016-03-22,-0.00189692133859376
2016-03-23,-0.013794833512332572
2016-03-24,-0.0008114607948430663
2016-03-28,0.0011697681587996556
2016-03-29,0.018927059578418115
2016-03-30,0.009421375981684132
2016-03-31,-0.004436688241934217
2016-04-01,0.013742141252927276
2016-04-04,-0.0070080705009174515
2016-04-05,-0.02208859514274164
2016-04-06,0.022647133092438487
2016-04-07,-0.026082668405670084
2016-04-08,0.005996379120333684
2016-04-11,-0.005912071505285166
2016-04-12,0.02079236556136843
2016-04-13,0.02181459539383379
2016-04-14,0.0003793842677188852
2016-04-15,-0.0021603826356213496
2016-04-18,0.014342833010148714
2016-04-19,0.006807839915176972
2016-04-20,0.0016861523009725765
2016-04-21,-0.011507989454138334
2016-04-22,0.00010538451881081379
2016-04-25,-0.003994073262928888
2016-04-26,0.0041205346855015534
2016-04-27,0.0036357658989725206
2016-04-28,-0.020381365938006768
2016-04-29,-0.011075912927013709
2016-05-02,0.016998522884180023
2016-05-03,-0.019032444097228707
2016-05-04,-0.012909603554321691
2016-05-05,-0.0005163841421724769
2016-05-06,0.006860532174582046
2016-05-09,0.0016334600415675027
2016-05-10,0.027083821334372704
2016-05-11,-0.02100313459899028
2016-05-12,-0.0003688458158375152
2016-05-13,-0.018442290791888416
2016-05-16,0.02112959602156317
2016-05-17,-0.020497288908698286
2016-05-18,0.0004426149790053291
2016-05-19,-0.007998684977739146
2016-05-20,0.012941218909965135
2016-05-23,-0.004510457405102031
2016-05-24,0.029528742170783273
2016-05-25,0.015259678323802373
2016-05-26,-0.0004636918827676251
2016-05-27,0.009442452885446873
2016-05-31,-0.0022130748950264234
2016-06-01,0.002497613095815643
2016-06-02,0.006249301965480125
2016-06-03,-0.006460071003101531
2016-06-06,0.01083352853374886
2016-06-07,0.002866458911653602
2016-06-08,0.007366377864874041
2016-06-09,-0.003835996484712556
2016-06-10,-0.020455135101174138
2016-06-13,-0.017925906649715495
2016-06-14,-0.00394138100352337
2016-06-15,-0.004025688618572332
2016-06-16,0.006839455270819972
2016-06-17,-0.007134531923490339
2016-06-20,0.012677757612938212
2016-06-21,0.005954225312809758
2016-06-22,-0.0036357658989725206
2016-06-23,0.029370665392567386
2016-06-24,-0.0799973882292706
2016-06-27,-0.038855272085538184
2016-06-28,0.03746419643723575
2016-06-29,0.03654735112358187
2016-06-30,0.029602511333950865
2016-07-01,0.004310226819360885
2016-07-05,-0.015175370708753189
2016-07-06,0.011781989203046184
2016-07-07,-0.001928536694237426
2016-07-08,0.03372304601945264
2016-07-11,0.007650916065663038
2016-07-12,0.01578660091785622
2016-07-13,0.00030561510455129337
2016-07-14,0.01192952752938159
2016-07-15,-0.0021182288280972017
2016-07-18,0.005427302718755911
2016-07-19,-0.003277458535015265
2016-07-20,0.009737529538116685
2016-07-21,-0.008272684726646884
2016-07-22,0.010390913554743975
2016-07-25,-0.00690268598210686
2016-07-26,0.0007376916316752524
2016-07-27,-0.0027399974890802703
2016-07-28,0.0036673812546155204
2016-07-29,0.0037306119659018533
2016-08-01,-0.002908612719177639
2016-08-02,-0.014553602047769898
2016-08-03,0.007123993471609191
2016-08-04,0.00048476878652947697
2016-08-05,0.019622597402568998
2016-08-08,-0.0020866134724536467
2016-08-09,0.0008957684098915841
2016-08-10,-0.006586532425674307
2016-08-11,0.010854605437511489
2016-08-12,-0.0018336906273075382
2016-08-15,0.006428455647458087
2016-08-16,-0.012646142257294768
2016-08-17,0.004289149915598922
2016-08-18,0.005058456902918063
2016-08-19,-0.003319612342539968
2016-08-22,-0.0012962295813727653
2016-08-23,0.004489380501339846
2016-08-24,-0.01207706585571644
2016-08-25,-0.0031299202086807476
2016-08-26,-0.0036146889952100025
2016-08-29,0.011950604433143774
2016-08-30,-0.004489380501339846
2016-08-31,-0.005448379622517985
2016-09-01,-9.48460669292217e-05
2016-09-02,0.009611068115543797
2016-09-06,0.006849993722701342
2016-09-07,-0.00033723046019473735
2016-09-08,-0.005121687614204062
2016-09-09,-0.05637017911189157
2016-09-12,0.032911585224609574
2016-09-13,-0.033744122923214714
2016-09-14,-0.0013173064851348393
2016-09-15,0.02264713309243893
2016-09-16,-0.008536146023674362
2016-09-19,-4.2153807524369924e-05
2016-09-20,0.0006744609203894747
2016-09-21,0.02461782359420006
2016-09-22,0.014817063344796932
2016-09-23,-0.013162526399467356
2016-09-26,-0.019590982046925998
2016-09-27,0.014574678951532194
2016-09-28,0.012055988951954366
2016-09-29,-0.021329826607303537
2016-09-30,0.018062906524169087
2016-10-03,-0.007450685479923003
2016-10-04,-0.011286681964635559
2016-10-05,0.00973752953811724
2016-10-06,0.0010959989956322858
2016-10-07,-0.007408531672398855
2016-10-10,0.010454144266030418
2016-10-11,-0.02838005091574547
2016-10-12,0.0025819207108641606
2016-10-13,-0.0069869935971549335
2016-10-14,0.00045315343088625504
2016-10-17,-0.006828916818939268
2016-10-18,0.013805371964213276
2016-10-19,0.004942533932226212
2016-10-20,-0.0031088433049182296
2016-10-21,-0.00018969213385955364
2016-10-24,0.010717605563057342
2016-10-25,-0.008609915186841732
2016-10-26,-0.003930842551642444
2016-10-27,-0.006734070752009158
2016-10-28,-0.0069869935971556
2016-10-31,-0.0002739997489078494
2016-11-01,-0.015206986064397077
2016-11-02,-0.014521986692126676
2016-11-03,-0.009779683345641388
2016-11-04,-0.0036673812546155204
2016-11-07,0.04883518601692005
2016-11-08,0.008472915312387475
2016-11-09,0.024976130958157317
2016-11-10,0.004447226693815143
2016-11-11,-0.0031931509199671915
2016-11-14,-0.00026346129702692345
2016-11-15,0.01706175359546691
2016-11-16,-0.0036357658989720765
2016-11-17,0.010728144014938268
2016-11-18,-0.005501071881923059
2016-11-21,0.017156599662396244
2016-11-22,0.005016303095393915
2016-11-23,0.001875844434831686
2016-11-25,0.00909468397337132
2016-11-28,-0.012256219537694957
2016-11-29,0.0030983048530373036
2016-11-30,-0.006164994350431163
2016-12-01,-0.008146223304073996
2016-12-02,0.0009168453136537691
2016-12-05,0.013447064600256908
2016-12-06,0.007924915814571332
2016-12-07,0.03068797187770189
2016-12-08,0.0051006107104423215
2016-12-09,0.014058294809359495
2016-12-12,-0.0027083821334374925
2016-12-13,0.015554754976472296
2016-12-14,-0.01943290526870911
2016-12-15,0.009221145395943986
2016-12-16,-0.004173226944907293
2016-12-19,0.004700149538961251
2016-12-20,0.008673145898128065
2016-12-21,-0.005880456149642499
2016-12-22,-0.004447226693815143
2016-12-23,0.002982381882345342
2016-12-27,0.005364072007469356
2016-12-28,-0.01998090476652581
2016-12-29,-0.0006955378241509935
2016-12-30,-0.010991605311965635
2017-01-03,0.020023058574049957
2017-01-04,0.013615679830354055
2017-01-05,-0.0018442290791887972
2017-01-06,0.00840968460110103
2017-01-09,-0.008515069119911733
2017-01-10,0.0
2017-01-11,0.006765686107652824
2017-01-12,-0.005142764517966691
2017-01-13,0.004426149790052958
2017-01-17,-0.007113455019728265
2017-01-18,0.004215380752431552
2017-01-19,-0.00864153054248451
2017-01-20,0.008030300333382034
2017-01-23,-0.006438994099339346
2017-01-24,0.015670677947164702
2017-01-25,0.01928536694237426
2017-01-26,-0.0017809983679024644
2017-01-27,-0.0020971519243344616
2017-01-30,-0.014532525144007824
2017-01-31,-0.0021393057318592756
2017-02-01,0.0007166147279137336
2017-02-02,0.001369998744539913
2017-02-03,0.017462214766948092
2017-02-06,-0.0051216876142045065
2017-02-07,0.0005479994978160319
2017-02-08,0.0016756138490917616
2017-02-09,0.013910756483023978
2017-02-10,0.008673145898127954
2017-02-13,0.0128042190355111
2017-02-14,0.009832375605046573
2017-02-15,0.012298373345219216
2017-02-16,-0.0021393057318592756
2017-02-17,0.0041521500411452195
2017-02-21,0.014985678574894523
2017-02-22,-0.0026978436815561224
2017-02-23,0.0010433067362265458
2017-02-24,0.0037200735140210384
2017-02-27,0.0025397669033399017
2017-02-28,-0.006438994099339346
2017-03-01,0.03406027647964738
2017-03-02,-0.014795986441034858
2017-03-03,0.0012646142257293214
2017-03-06,-0.008230530919122625
2017-03-07,-0.007292608701706671
2017-03-08,-0.005701302467663649
2017-03-09,0.00199176740552387
2017-03-10,0.008146223304073996
2017-03-13,0.0009168453136537691
2017-03-14,-0.00845183840862529
2017-03-15,0.020876673176417837
2017-03-16,-0.004088919329858776
2017-03-17,-0.003298535438777783
2017-03-20,-0.005037379999155989
2017-03-21,-0.031035740789777333
2017-03-22,0.004668534183317807
2017-03-23,-0.0026240745183884195
2017-03-24,-0.0020866134724536467
2017-03-27,-0.0025186899995777168
2017-03-28,0.01789429129407205
2017-03-29,0.0026978436815561224
2017-03-30,0.007303147153587597
2017-03-31,-0.0056275333044963904
2017-04-03,-0.0040889193298582205
2017-04-04,0.001391075648302098
2017-04-05,-0.007598223806257964
2017-04-06,0.004784457154009769
2017-04-07,-0.0020549981168102027
2017-04-10,0.0017072292047347615
2017-04-11,-0.0035619967358043736
2017-04-12,-0.009326529914755244
2017-04-13,-0.016840446105964135
2017-04-17,0.02114013447344476
2017-04-18,-0.007187224182896079
2017-04-19,-0.004236457656193626
2017-04-20,0.0186214444738666
2017-04-21,-0.0075349930949716315
2017-04-24,0.02683089848922704
2017-04-25,0.015238601420040299
2017-04-26,-0.0012224604182055065
2017-04-27,0.0013910756483025422
2017-04-28,-0.004816072509653213
2017-05-01,0.004352380626885699
2017-05-02,0.002992920334226601
2017-05-03,-0.0032036893718480064
2017-05-04,0.001464844811469912
2017-05-05,0.010296067487814087
2017-05-08,9.484606692988784e-05
2017-05-09,-0.0025924591627455307
2017-05-10,0.002855920459772454
2017-05-11,-0.005469456526280059
2017-05-12,-0.0037306119659018533
2017-05-15,0.012034912048192181
2017-05-16,-0.0017388445603780944
2017-05-17,-0.04598980400902841
2017-05-18,0.009157914684657209
2017-05-19,0.01687206146160758
2017-05-22,0.012951757361846061
2017-05-23,0.0046369188276748075
2017-05-24,0.00629145577300394
2017-05-25,0.01125506660899267
2017-05-26,0.0007903838910808814
2017-05-30,-0.0030666894973943037
2017-05-31,-0.0011697681587994335
2017-06-01,0.01924321313484989
2017-06-02,0.00949514514485239
2017-06-05,-0.0031299202086807476
2017-06-06,-0.007134531923490339
2017-06-07,0.004015150166690962
2017-06-08,0.0006849993722702896
2017-06-09,-0.0021287672799780166
2017-06-12,-0.002508151547696902
2017-06-13,0.011550143261662593
2017-06-14,-0.0025608438071019757
2017-06-15,-0.005753994727069167
2017-06-16,0.0007271531797945485
2017-06-19,0.02140359577047124
2017-06-20,-0.017314676440612575
2017-06-21,-0.001496460167113245
2017-06-22,-0.0011697681587998776
2017-06-23,0.004004611714810147
2017-06-26,0.0008114607948430663
2017-06-27,-0.020750211753844505
2017-06-28,0.022457440958579156
2017-06-29,-0.022120210498384973
2017-06-30,0.00390976564788037
2017-07-03,0.005901533053404573
2017-07-05,0.0037200735140205943
2017-07-06,-0.024017131836978844
2017-07-07,0.01626083125250466
2017-07-10,0.002371151673242755
2017-07-11,-0.002002305857404574
2017-07-12,0.018674136733271673
2017-07-13,0.004826610961534028
2017-07-14,0.012055988951954366
2017-07-17,-0.00013699987445414674
2017-07-18,0.0015491524265188739
2017-07-19,0.013931833386786163
2017-07-20,-0.0004004611714810702
2017-07-21,-0.000958999121178028
2017-07-24,-0.0027716128447238253
2017-07-25,0.007608762258139223
2017-07-26,0.0007376916316753634
2017-07-27,-0.0025397669033399017
2017-07-28,-0.003498766024518374
2017-07-31,-0.001896921338593982
2017-08-01,0.006375763388052569
2017-08-02,0.0012856911294918394
2017-08-03,-0.005701302467663982
2017-08-04,0.004921457028463916
2017-08-07,0.004299688367480181
2017-08-08,-0.006312532676766125
2017-08-09,-0.0009484606692972131
2017-08-10,-0.03773819618614371
2017-08-11,0.0032774585350157093
2017-08-14,0.025840284012405568
2017-08-15,-0.0012962295813726543
2017-08-16,0.0036884581583775944
2017-08-17,-0.04015150166691073
2017-08-18,-0.004700149538961251
2017-08-21,0.002971843430463972
2017-08-22,0.02543982284092494
2017-08-23,-0.008926068743274174
2017-08-24,-0.005342995103707171
2017-08-25,0.004299688367480625
2017-08-28,0.0012540757738479513
2017-08-29,0.0021709210875027196
2017-08-30,0.011897912173738034
2017-08-31,0.014817063344797043
2017-09-01,0.005163841421728765
2017-09-05,-0.01970690501761796
2017-09-06,0.008104069496549737
2017-09-07,-0.00046369188276751405
2017-09-08,-0.003867611840356
2017-09-11,0.02811658961871888
2017-09-12,0.008820684224463027
2017-09-13,0.001991767405523759
2017-09-14,-0.002898074267296713
2017-09-15,0.004858226317177583
2017-09-18,0.003835996484712556
2017-09-19,0.002929689622940157
2017-09-20,0.0016756138490912065
2017-09-21,-0.008051377237144108
2017-09-22,0.0017072292047346505
2017-09-25,-0.00585937924587987
2017-09-26,0.00018969213385977568
2017-09-27,0.010749220918700342
2017-09-28,0.0031826124680858214
2017-09-29,0.009800760249403573
2017-10-02,0.010285529035932828
2017-10-03,0.005753994727069167
2017-10-04,0.003330150794420783
2017-10-05,0.015101601545586596
2017-10-06,-0.002887535815415898
2017-10-09,-0.004847687865296213
2017-10-10,0.006228225061717496
2017-10-11,0.004847687865296213
2017-10-12,-0.004542072760745031
2017-10-13,0.00236061322136194
2017-10-16,0.004710687990842066
2017-10-17,0.0018126137235459083
2017-10-18,0.002002305857405129
2017-10-19,0.0008852299580102141
2017-10-20,0.013815910416094646
2017-10-23,-0.010780836274343786
2017-10-24,0.004373457530647884
2017-10-25,-0.012625065353532583
2017-10-26,0.003424996861350671
2017-10-27,0.021782980038190236
2017-10-30,-0.008683684350009324
2017-10-31,0.002560843807102531
2017-11-01,0.004320765271242255
2017-11-02,0.0005163841421726989
2017-11-03,0.00842022305298229
2017-11-06,0.00346715066887493
2017-11-07,-0.000516384142173143
2017-11-08,0.003941381003523814
2017-11-09,-0.010285529035933272
2017-11-10,-0.002444920836410014
2017-11-13,0.0026767667777940485
2017-11-14,-0.006291455773004495
2017-11-15,-0.015017293930537412
2017-11-16,0.022151825854027862
2017-11-17,-0.007155608827252524
2017-11-20,0.00346715066887493
2017-11-21,0.01779944522714272
2017-11-22,-0.002054998116810758
2017-11-24,0.0056275333044963904
2017-11-27,-0.0010538451881079158
2017-11-28,0.026999513719324186
2017-11-29,-0.0010222298324644719
2017-11-30,0.02266820999620056
2017-12-01,-0.005648610208258464
2017-12-04,-0.002929689622939602
2017-12-05,-0.0104014520066249
2017-12-06,-0.0003161535564325524
2017-12-07,0.008125146400311922
2017-12-08,0.015301832131326631
2017-12-11,0.008947145647035804
2017-12-12,0.004341842175004884
2017-12-13,-0.0013278449370161538
2017-12-14,-0.011423681839089261
2017-12-15,0.02508151547696763
2017-12-18,0.01512267844934817
2017-12-19,-0.009157914684657653
2017-12-20,-0.002339536317599311
2017-12-21,0.00560645640073415
2017-12-22,-0.0012962295813727098
2017-12-26,-0.0029929203342265454
2017-12-27,0.0022341517987886084
2017-12-28,0.005184918325490895
2017-12-29,-0.014680063470342786
2018-01-02,0.023395363175995054
2018-01-03,0.018178829494861215
2018-01-04,0.01151852790601915
2018-01-05,0.020191673804147603
2018-01-08,0.004805534057771954
2018-01-09,0.0037727657734261677
2018-01-10,-0.0032247662756100803
2018-01-11,0.02037082748612551
2018-01-12,0.01968582811385533
2018-01-16,-0.010348759747219216
2018-01-17,0.027547513217140218
2018-01-18,-0.004773918702128455
2018-01-19,0.01293068045808382
2018-01-22,0.023890670414405624
2018-01-23,0.006491686358744919
2018-01-24,-0.001675613849091706
2018-01-25,0.0018020752716645383
2018-01-26,0.035430275224187346
2018-01-29,-0.02038136593800638
2018-01-30,-0.03277458535015593
2018-01-31,0.0014543063595890415
2018-02-01,-0.0019285366942373705
2018-02-02,-0.06307263450825745
2018-02-05,-0.11928473684193275
2018-02-06,0.048687647690584535
2018-02-07,-0.014205833135694401
2018-02-08,-0.10608005663494063
2018-02-09,0.04062573200155961
2018-02-12,0.03841265710653258
2018-02-13,0.0073136856054688
2018-02-14,0.03761173476357088
2018-02-15,0.03432373777667386
2018-02-16,0.0010749220918700453
2018-02-20,-0.016819369202201617
2018-02-21,-0.015733908658451146
2018-02-22,0.002771612844723881
2018-02-23,0.045673650452596304
2018-02-26,0.03403919957588475
2018-02-27,-0.03722181204397057
2018-02-28,-0.03208958597788569
2018-03-01,-0.03810704200198134
2018-03-02,0.01431121765450516
2018-03-05,0.03128866363492344
2018-03-06,0.00756660845061452
2018-03-07,-0.001391075648302098
2018-03-08,0.012825295939272674
2018-03-09,0.050163030953936205
2018-03-12,-0.0037411504177832233
2018-03-13,-0.01866359828139086
2018-03-14,-0.016682369327747915
2018-03-15,-0.0022657671544320523
2018-03-16,0.00493199548034523
2018-03-19,-0.04119480840313777
2018-03-20,0.004236457656193737
2018-03-21,-0.005279764392420783
2018-03-22,-0.07191439563648261
2018-03-23,-0.058414638776820405
2018-03-26,0.0740747782721039
2018-03-27,-0.048403109489795926
2018-03-28,-0.008030300333382034
2018-03-29,0.037801426897430046
2018-04-02,-0.062166327646484554
2018-04-03,0.03432373777667386
2018-04-04,0.03186827848838303
2018-04-05,0.019127290164158428
2018-04-06,-0.06151294362985821
2018-04-09,0.009157914684657653
2018-04-10,0.046063573172196115
2018-04-11,-0.015470447361423667
2018-04-12,0.0229738251007518
2018-04-13,-0.008104069496549293
2018-04-16,0.022699825351844005
2018-04-17,0.03008728012048012
2018-04-18,0.002371151673242755
2018-04-19,-0.016345138867553177
2018-04-20,-0.02422790087460075
2018-04-23,0.0001580767782162762
2018-04-24,-0.03765388857109514
2018-04-25,0.0051006107104423215
2018-04-26,0.029022896480491445
2018-04-27,0.003129920208680248
2018-04-30,-0.023037055812038243
2018-05-01,0.007113455019728265
2018-05-02,-0.02016005844850416
2018-05-03,-0.00625984041736094
2018-05-04,0.03550404438735505
2018-05-07,0.00970591418247374
2018-05-08,-0.0007482300835566225
2018-05-09,0.027262975016351165
2018-05-10,0.026641206355367764
2018-05-11,0.004900380124701342
2018-05-14,0.002539766903340346
2018-05-15,-0.019685828113855774
2018-05-16,0.011602835521068167
2018-05-17,-0.0024554592882913284
2018-05-18,-0.007545531546852835
2018-05-21,0.02111905756968263
2018-05-22,-0.009031453262084821
2018-05-23,0.0093265299147548
2018-05-24,-0.005827763890236426
2018-05-25,-0.006776224559534083
2018-05-29,-0.03316450806975524
2018-05-30,0.03598881317388475
2018-05-31,-0.01974905882514222
2018-06-01,0.03093035627096663
2018-06-04,0.012909603554321691
2018-06-05,0.002033921213048573
2018-06-06,0.024818054179940652
2018-06-07,-0.0020866134724536467
2018-06-08,0.009126299329014709
2018-06-11,0.0031299202086801925
2018-06-12,0.005111149162323192
2018-06-13,-0.011824143010570332
2018-06-14,0.007229377990419783
2018-06-15,-0.002982381882345231
2018-06-18,-0.006228225061717552
2018-06-19,-0.011760912299283943
2018-06-20,0.00498468773975036
2018-06-21,-0.018505521503174582
2018-06-22,0.0053956873631123
2018-06-25,-0.039845886562359434
2018-06-26,0.006312532676766014
2018-06-27,-0.02469159275736782
2018-06-28,0.017578137737639554
2018-06-29,0.00217092108750222
2018-07-02,0.008789068868819971
2018-07-03,-0.014216371587575771
2018-07-05,0.02464943894984406
2018-07-06,0.024459746815984285
2018-07-09,0.025661130330427162
2018-07-10,0.01019068296900344
2018-07-11,-0.020887211628298707
2018-07-12,0.025576822715378644
2018-07-13,0.0031826124680858214
2018-07-16,-0.0030350741417508598
2018-07-17,0.011718758491760184
2018-07-18,0.006396840291814587
2018-07-19,-0.011729296943640999
2018-07-20,-0.002803228200366825
2018-07-23,0.005427302718755744
2018-07-24,0.014142602424408013
2018-07-25,0.02705220597872976
2018-07-26,-0.00909468397337121
2018-07-27,-0.019622597402568942
2018-07-30,-0.0170933689511103
2018-07-31,0.014427140625197121
2018-08-01,-0.0030877664011559336
2018-08-02,0.014606294307175083
2018-08-03,0.013836987319856775
2018-08-06,0.01059114414048451
2018-08-07,0.00848345376426829
2018-08-08,-0.0007903838910809369
2018-08-09,-0.0043418421750043845
2018-08-10,-0.02139305731858998
2018-08-13,-0.011961142885025033
2018-08-14,0.019000828741585596
2018-08-15,-0.022752517611249634
2018-08-16,0.023521824598568386
2018-08-17,0.00994829857573859
2018-08-20,0.0072926087017067265
2018-08-21,0.006228225061717496
2018-08-22,-0.001201383514442822
2018-08-23,-0.005100610710442377
2018-08-24,0.01866359828139086
2018-08-27,0.023237286397778806
2018-08-28,0.0008219992467243531
2018-08-29,0.017409522507542435
2018-08-30,-0.013605141378472796
2018-08-31,0.0004109996233619406
2018-09-04,-0.00505845690291809
2018-09-05,-0.008557222927435992
2018-09-06,-0.011118066734538024
2018-09-07,-0.006712993848247639
2018-09-10,0.005743456275188297
2018-09-11,0.011339374224040744
2018-09-12,0.001085460543751332
2018-09-13,0.016081677570526226
2018-09-14,0.0008430761504865103
2018-09-17,-0.01705121514358557
2018-09-18,0.016345138867553205
2018-09-19,0.0038359964847126116
2018-09-20,0.024027670288860214
2018-09-21,-0.0011381528031564614
2018-09-24,-0.010854605437511516
2018-09-25,-0.004015150166691017
2018-09-26,-0.010106375353954866
2018-09-27,0.008462376860506604
2018-09-28,-2.107690376212945e-05
2018-10-01,0.011181297445824884
2018-10-02,-0.0012224604182054788
2018-10-03,0.0021919979912648213
2018-10-04,-0.025186899995778778
2018-10-05,-0.016903676817250607
2018-10-08,-0.0012013835144433493
2018-10-09,-0.004310226819360968
2018-10-10,-0.0997569855062937
2018-10-11,-0.06039586773046346
2018-10-12,0.040847039491062276
2018-10-15,-0.017219830373683187
2018-10-16,0.06231386597281996
2018-10-17,-0.0007482300835566225
2018-10-18,-0.042606960955202056
2018-10-19,-0.0010538451881078603
2018-10-22,-0.012540757738484065
2018-10-23,-0.016007908407358995
2018-10-24,-0.08914476446204705
2018-10-25,0.05213372145569789
2018-10-26,-0.04940426241849827
2018-10-29,-0.018379060080601806
2018-10-30,0.0436081138839049
2018-10-31,0.030677433425820466
2018-11-01,0.030171587735529193
2018-11-02,-0.01824206020614766
2018-11-05,0.01607113911864544
2018-11-06,0.018062906524169198
2018-11-07,0.061586712793025467
2018-11-08,-0.007440147028041688
2018-11-09,-0.027210282756945536
2018-11-12,-0.05774017785643204
2018-11-13,-0.004257534559955867
2018-11-14,-0.021709210875022533
2018-11-15,0.030161049283647823
2018-11-16,0.006396840291815087
2018-11-19,-0.047992109866433486
2018-11-20,-0.05146979898718984
2018-11-21,0.008472915312387475
2018-11-23,-0.018305290917434047
2018-11-26,0.043091729741731755
2018-11-27,0.009189530040301097
2018-11-28,0.06493794049120843
2018-11-29,-0.006354686484290384
2018-11-30,0.02361667066549783
2018-12-03,0.031826124680858214
2018-12-04,-0.09517275893802396
2018-12-06,-0.00433130372312357
2018-12-07,-0.06625524697634327
2018-12-10,0.004889841672820472
2018-12-11,-0.0009906144768210279
2018-12-12,0.015059447738061837
2018-12-13,-0.0005585379496974019
2018-12-14,-0.05331402806637858
2018-12-17,-0.05691817860970716
2018-12-18,0.00023184594138347947
2018-12-19,-0.041310731373829346
2018-12-20,-0.04166903873778616
2018-12-21,-0.05353533555588119
2018-12-24,-0.06904793672482934
2018-12-26,0.12287834893338057
2018-12-27,0.022267748824719935
2018-12-28,-0.0032563816312535243
2018-12-31,0.02224667192095775
2019-01-02,0.003351227698183412
2019-01-03,-0.06548593998902497
2019-01-04,0.08857568806046878
2019-01-07,0.018705752088915117
2019-01-08,0.026051053050026973
2019-01-09,0.011118066734538523
2019-01-10,0.01230891179710003
2019-01-11,-0.0004004611714806261
2019-01-14,-0.014384986817672862
2019-01-15,0.02918097325870772
2019-01-16,0.006112302091025534
2019-01-17,0.02092936543582291
2019-01-18,0.036621120286749353
2019-01-22,-0.039845886562359434
2019-01-23,0.006112302091025423
2019-01-24,0.003825458032831852
2019-01-25,0.023637747569260348
2019-01-28,-0.0220359028833364
2019-01-29,-0.004057303974215332
2019-01-30,0.043260344971829345
2019-01-31,0.024291131585886694
2019-02-01,0.0025608438071024753
2019-02-04,0.019327520749898464
2019-02-05,0.013520833763424223
2019-02-06,-0.006417917195576717
2019-02-07,-0.026936283008037798
2019-02-08,0.0019285366942373705
2019-02-11,0.0020233827611672583
2019-02-12,0.03681081242060863
2019-02-13,0.008746915061295713
2019-02-14,-0.007693069873187852
2019-02-15,0.03147835576878277
2019-02-19,0.004383995982529143
2019-02-20,0.00520599522925258
2019-02-21,-0.010348759747219216
2019-02-22,0.018747905896439432
2019-02-25,0.003625227447091206
2019-02-26,-0.002328997865718496
2019-02-27,-0.0016018446859240032
2019-02-28,-0.008314838534171587
2019-03-01,0.020233827611671862
2019-03-04,-0.01146583564661402
2019-03-05,-0.003330150794420783
2019-03-06,-0.019179982423564
2019-03-07,-0.02373259363618979
2019-03-08,-0.006175532802311923
2019-03-11,0.04239619191758065
2019-03-12,0.008662607446246695
2019-03-13,0.020444596649293267
2019-03-14,-0.0025713822589833457
2019-03-15,0.014753832633510544
2019-03-18,0.011023220667608635
2019-03-19,-0.0003899227195998112
2019-03-20,-0.008789068868819971
2019-03-21,0.0323003550155071
2019-03-22,-0.057086793839804806
2019-03-25,-0.002476536192053458
2019-03-26,0.02118228828096863
2019-03-27,-0.013794833512332516
2019-03-28,0.010612221044246695
2019-03-29,0.019980904766525698
2019-04-01,0.03455558371805789
2019-04-02,5.269225940507383e-05
2019-04-03,0.006491686358744975
2019-04-04,0.0063125326767660694
2019-04-05,0.01406883326124031
2019-04-08,0.003193150919967136
2019-04-09,-0.018516059955055897
2019-04-10,0.01054899033296025
2019-04-11,0.00011592297069201729
2019-04-12,0.0201179046409794
2019-04-15,-0.0019285366942373705
2019-04-16,0.0015596908783996888
2019-04-17,-0.006965916693393331
2019-04-18,0.004826610961534583
2019-04-22,0.0030983048530367763
2019-04-23,0.027094359786254046
2019-04-24,-0.006776224559533611
2019-04-25,-0.0011381528031564336
2019-04-26,0.014448217528959278
2019-04-29,0.003319612342539968
2019-04-30,0.0029507665267018146
2019-05-01,-0.023289978657184407
2019-05-02,-0.0065443786181500485
2019-05-03,0.029634126689593893
2019-05-06,-0.013879141127381062
2019-05-07,-0.0510271840081839
2019-05-08,-0.004879303220939657
2019-05-09,-0.009168453136538968
2019-05-10,0.011255066608992614
2019-05-13,-0.0732738559291422
2019-05-14,0.023753670539951977
2019-05-15,0.01744113786318585
2019-05-16,0.026725513970416337
2019-05-17,-0.017694060708331516
2019-05-20,-0.020339212130482565
2019-05-21,0.025429284389043627
2019-05-22,-0.008525607571793048
2019-05-23,-0.03586235175131186
2019-05-24,0.004025688618572332
2019-05-28,-0.024944515602513984
2019-05-29,-0.020412981293649823
2019-05-30,0.006154455898550293
2019-05-31,-0.03878150292237076
2019-06-03,-0.00801976188150122
2019-06-04,0.06198717396450659
2019-06-05,0.024111977903908732
2019-06-06,0.018273675561790603
2019-06-07,0.03145727886502103
2019-06-10,0.014110987068764624
2019-06-11,-0.0010643836399892026
2019-06-12,-0.00619660970607408
2019-06-13,0.01243537321967289
2019-06-14,-0.004910918576582657
2019-06-17,0.002834843556010297
2019-06-18,0.029591972882069634
2019-06-19,0.00917899158841981
2019-06-20,0.029212588614350665
2019-06-21,-0.003920304099761157
2019-06-24,-0.005385148911231485
2019-06-25,-0.029476049911377644
2019-06-26,-0.003793842677188325
2019-06-27,0.011739835395521842
2019-06-28,0.01774675296773709
2019-07-01,0.023785285895594893
2019-07-02,0.009147376232776866
2019-07-03,0.02403820874074103
2019-07-05,-0.005701302467664038
2019-07-08,-0.015238601420040215
2019-07-09,0.00387815029223737
2019-07-10,0.01416367932817017
2019-07-11,0.007208301086657681
2019-07-12,0.014606294307175555
2019-07-15,0.0005585379496974019
2019-07-16,-0.010812451629987244
2019-07-17,-0.02067644259067679
2019-07-18,0.011265605060873457
2019-07-19,-0.019496135979996054
2019-07-22,0.008873376483868545
2019-07-23,0.02154059564492497
2019-07-24,0.01484867870044039
2019-07-25,-0.016745600039034317
2019-07-26,0.023384824724114253
2019-07-29,-0.0051533029698479504
2019-07-30,-0.008209454015360468
2019-07-31,-0.03456612216993869
2019-08-01,-0.028264127945053924
2019-08-02,-0.02266820999620059
2019-08-05,-0.0920112233737008
2019-08-06,0.03902388731563561
2019-08-07,0.002328997865718496
2019-08-08,0.05702356312851836
2019-08-09,-0.020486750456817554
2019-08-12,-0.03677919706496566
2019-08-13,0.04486218965775329
2019-08-14,-0.09033560952460906
2019-08-15,0.007376916316755244
2019-08-16,0.04329196032747229
2019-08-19,0.03685296622813336
2019-08-20,-0.024385977652816554
2019-08-21,0.025207976899540435
2019-08-22,-0.0015596908783996888
2019-08-23,-0.07992361906610249
2019-08-26,0.03295373903213389
2019-08-27,-0.009716452634355055
2019-08-28,0.019791212632666477
2019-08-29,0.03861288769227317
2019-08-30,0.001981228953642944
2019-09-03,-0.021277134347898463
2019-09-04,0.033206661877280025
2019-09-05,0.04027796308948356
2019-09-06,0.0028559204597724264
2019-09-09,-0.00029507665267042293
2019-09-10,0.0010116913805836014
2019-09-11,0.022699825351844033
2019-09-12,0.00910522242525258
2019-09-13,-0.002297382510075524
2019-09-16,-0.009937760123857275
2019-09-17,0.00815676175595488
2019-09-18,0.001085460543751332
2019-09-19,6.323071128641611e-05
2019-09-20,-0.015512601168947995
2019-09-23,-0.0003056151045512656
2019-09-24,-0.026535821836557116
2019-09-25,0.019253751586731233
2019-09-26,-0.007640377613782251
2019-09-27,-0.016682369327747887
2019-09-30,0.01575498556221283
2019-10-01,-0.038454810914056864
2019-10-02,-0.05547441070199949
2019-10-03,0.02425951623024372
2019-10-04,0.04360811388390484
2019-10-07,-0.013931833386786663
2019-10-08,-0.048192340452174076
2019-10-09,0.027758282254762123
2019-10-10,0.019738520373260904
2019-10-11,0.03387058434578763
2019-10-14,-0.004341842175004412
2019-10-15,0.03112004840482588
2019-10-16,-0.0063125326767660694
2019-10-17,0.008704761253770982
2019-10-18,-0.012382680960267761
2019-10-21,0.021624903259973988
2019-10-22,-0.011307758868397744
2019-10-23,0.008989299454560562
2019-10-24,0.0060806867353825345
2019-10-25,0.012920142006203034
2019-10-28,0.017778368323380075
2019-10-29,-0.002666228325913178
2019-10-30,0.010411990458506118
2019-10-31,-0.009705914182473754
2019-11-01,0.030930356270966637
2019-11-04,0.011971681336905828
2019-11-05,-0.003846534936593919
2019-11-06,0.0022763056063133807
2019-11-07,0.008852299580105943
2019-11-08,0.008325376986052468
2019-11-11,-0.0063968402918146185
2019-11-12,0.005090072258561059
2019-11-13,0.002318459413837178
2019-11-14,0.002729459037199601
2019-11-15,0.025113130832611075
2019-11-18,0.0016545369453295684
2019-11-19,-0.00194961359799999
2019-11-20,-0.012351065604624324
2019-11-21,-0.005184918325490923
2019-11-22,0.007113455019728295
2019-11-25,0.024607285142319264
2019-11-26,0.007250454894182435
2019-11-27,0.013815910416094646
2019-11-29,-0.013331141629564974
2019-12-02,-0.02856974304960518
2019-12-03,-0.021782980038190278
2019-12-04,0.020613211879390858
2019-12-05,0.004921457028463469
2019-12-06,0.030013510957312882
2019-12-09,-0.010485759621673366
2019-12-10,-0.003625227447091218
2019-12-11,0.00960052966366306
2019-12-12,0.028390589367626763
2019-12-13,0.00024238439326483563
2019-12-16,0.023869593510643446
2019-12-17,0.0011276143512756187
2019-12-18,-0.001454306359589
2019-12-19,0.014996217026775366
2019-12-20,0.016703446231510044
2019-12-23,0.0029402280748214715
2019-12-24,-0.0006639224685080908
2019-12-26,0.01742006095942325
2019-12-27,0.00011592297069198954
2019-12-30,-0.01973852037326089
2019-12-31,0.010000990835144177
2020-01-02,0.02852758924208043
2020-01-03,-0.024238439326481606
2020-01-06,0.012045450500073565
2020-01-07,-0.009589991211782237
2020-01-08,0.01672452313527266
2020-01-09,0.02281574832253555
2020-01-10,-0.00985345250880873
2020-01-13,0.024006593385098085
2020-01-14,-0.005248149036777339
2020-01-15,0.006470609454982346
2020-01-16,0.02900181957672926
2020-01-17,0.013499756859662065
2020-01-21,-0.009305453010992615
2020-01-22,0.0010116913805836014
2020-01-23,0.003994073262928888
2020-01-24,-0.031689124806404595
2020-01-27,-0.05463133455151298
2020-01-28,0.034365891584198144
2020-01-29,-0.0029929203342261013
2020-01-30,0.010812451629986758
2020-01-31,-0.061270559236592914
2020-02-03,0.024659977401724847
2020-02-04,0.05129064530521135
2020-02-05,0.03909765647880284
2020-02-06,0.011687143136116712
2020-02-07,-0.019042982549109855
2020-02-10,0.025692745686070606
2020-02-11,0.005964763764690517
2020-02-12,0.022868440581941152
2020-02-13,-0.005806686986474241
2020-02-14,0.006554917070030919
2020-02-18,-0.010401452006624845
2020-02-19,0.01671398468339136
2020-02-20,-0.013615679830354055
2020-02-21,-0.03739042727406819
2020-02-24,-0.11788312274174931
2020-02-25,-0.10293959797437906
2020-02-26,-0.012456450123435499
2020-02-27,-0.1450407132392893
2020-02-28,-0.025861360916168197
2020-03-02,0.1433334840345551
2020-03-03,-0.09153699303905194
2020-03-04,0.13357487759267575
2020-03-05,-0.11189728207329616
2020-03-06,-0.054346796350724355
2020-03-09,-0.2379687819266438
2020-03-10,0.14297517667059823
2020-03-11,-0.14843409474499697
2020-03-12,-0.27477959434725296
2020-03-13,0.24278485443629716
2020-03-16,-0.342383763164374
2020-03-17,0.1507630926107154
2020-03-18,-0.1381485657090642
2020-03-19,0.011897912173738145
2020-03-20,-0.11009520680163165
2020-03-23,-0.07115562710104506
2020-03-24,0.2212337203394903
2020-03-25,0.029750049660285938
2020-03-26,0.16282962001455115
2020-03-27,-0.09337068366635992
2020-03-30,0.08976653312303084
2020-03-31,-0.04432472861181802
2020-04-01,-0.12023319751122996
2020-04-02,0.05943686860928543
2020-04-03,-0.04030957844512706
2020-04-06,0.18445452327452472
2020-04-07,-0.004499918953220661
2020-04-08,0.09544675868693225
2020-04-09,0.04198519229421871
2020-04-13,-0.029707895852761623
2020-04-14,0.08897614923194941
2020-04-15,-0.06607609329436481
2020-04-16,0.017061753595466855
2020-04-17,0.079048927559973
2020-04-20,-0.05416764266874591
2020-04-21,-0.09126299329014365
2020-04-22,0.06612878555377044
2020-04-23,-0.0015913062340426887
2020-04-24,0.041036731624921
2020-04-27,0.04398749815162384
2020-04-28,-0.015902523888548292
2020-04-29,0.08021869571877335
2020-04-30,-0.028538127693962217
2020-05-01,-0.08612022877217701
2020-05-04,0.012677757612937712
2020-05-05,0.027083821334373204
2020-05-06,-0.021097980665920057
2020-05-07,0.03453450681429571
2020-05-08,0.051227414593924964
2020-05-11,0.0005479994978160874
2020-05-12,-0.0634414803240956
2020-05-13,-0.052818720827967625
2020-05-14,0.034249968613506654
2020-05-15,0.011803066106808202
2020-05-18,0.09506737441921331
2020-05-19,-0.032637585475701336
2020-05-20,0.05129064530521135
2020-05-21,-0.024343823845292295
2020-05-22,0.007313685605468384
2020-05-26,0.03827565723207893
2020-05-27,0.04674857254446639
2020-05-28,-0.006744609203890625
2020-05-29,0.015365062842613034
2020-06-01,0.01203491204819225
2020-06-02,0.026440975769627242
2020-06-03,0.04431419015993672
2020-06-04,-0.011086451378895041
2020-06-05,0.08597269044584203
2020-06-08,0.040530885934629696
2020-06-09,-0.026567437192200075
2020-06-10,-0.01795752200535851
2020-06-11,-0.19816504917180863
2020-06-12,0.04132126982571062
2020-06-15,0.026641206355367812
2020-06-16,0.06128109768847374
2020-06-17,-0.011855758366213824
2020-06-18,0.00194961359799999
2020-06-19,-0.018547675310699344
2020-06-22,0.02120336518473122
2020-06-23,0.014153140876288864
2020-06-24,-0.08531930642921526
2020-06-25,0.03523004463844725
2020-06-26,-0.0787327740035409
2020-06-29,0.04656941886248747
2020-06-30,0.049583416100476674
2020-07-01,0.016408369578840107
2020-07-02,0.014911909411726817
2020-07-06,0.05238664430084304
2020-07-07,-0.03625227447091122
2020-07-08,0.02594566853121627
2020-07-09,-0.018853290415250114
2020-07-10,0.03476635275567924
2020-07-13,-0.031425663509377616
2020-07-14,0.04457765145696417
2020-07-15,0.03060366426265325
2020-07-16,-0.011581758617305538
2020-07-17,0.009653221923068167
2020-07-20,0.02856974304960519
2020-07-21,0.005753994727069139
2020-07-22,0.01972798192137959
2020-07-23,-0.0425331917920348
2020-07-24,-0.021108519117800872
2020-07-27,0.025060438573205474
2020-07-28,-0.022099133594622344
2020-07-29,0.0421538075243158
2020-07-30,-0.012877988198678747
2020-07-31,0.026240745183886693
2020-08-03,0.024754823468654735
2020-08-04,0.012540757738484037
2020-08-05,0.02240474869917361
2020-08-06,0.022541748573627757
2020-08-07,0.002234151798789108
2020-08-10,0.009684837278711111
2020-08-11,-0.028221974137529166
2020-08-12,0.04917241647711426
2020-08-13,-0.0072926087017067265
2020-08-14,-0.0006112302091024757
2020-08-17,0.009632145019306038
2020-08-18,0.00820945401536094
2020-08-19,-0.0157339086584512
2020-08-20,0.011233989705230485
2020-08-21,0.012277296441456587
2020-08-24,0.035957197818241804
2020-08-25,0.01300444962125108
2020-08-26,0.03700050455446835
2020-08-27,0.006133378994788108
2020-08-28,0.024723208113011264
2020-08-31,-0.008114607948431052
2020-09-01,0.027758282254762123
2020-09-02,0.05710787074356688
2020-09-03,-0.1325526477602113
2020-09-04,-0.029613049785831735
2020-09-08,-0.10024175429282292
2020-09-09,0.07073408902580183
2020-09-10,-0.0629883268932089
2020-09-11,0.001875844434831797
2020-09-14,0.044862189657753265
2020-09-15,0.018610906021985285
2020-09-16,-0.016555907905175082
2020-09-17,-0.03001351095731239
2020-09-18,-0.039561348361570825
2020-09-21,-0.04047819367522412
2020-09-22,0.03636819744160372
2020-09-23,-0.08288492404468609
2020-09-24,0.010190682969003412
2020-09-25,0.05466294990715645
2020-09-28,0.05600133329605342
2020-09-29,-0.016998522884180467
2020-09-30,0.029012358028610546
2020-10-01,0.018758444348320746
2020-10-02,-0.03410243028717161
2020-10-05,0.06343094187221429
2020-10-06,-0.05024733856898478
2020-10-07,0.06164994350431191
2020-10-08,0.028854281250394243
2020-10-09,0.03193150919966947
2020-10-12,0.060164021789079425
2020-10-13,-0.023490209242924998
2020-10-14,-0.02451243907538936
2020-10-15,-0.00561699485261502
2020-10-16,0.0004953072384105139
2020-10-19,-0.059953252751458075
2020-10-20,0.017072292047347726
2020-10-21,-0.007967069622095646
2020-10-22,0.018895444222774394
2020-10-23,0.012540757738484065
2020-10-26,-0.06788870701791072
2020-10-27,-0.010844066985630174
2020-10-28,-0.12609257675710933
2020-10-29,0.041184269951256486
2020-10-30,-0.042311884302532105
2020-11-02,0.04244888417698578
2020-11-03,0.062092558483317295
2020-11-04,0.07827962057265464
2020-11-05,0.07061816605510984
2020-11-06,-0.0010643836399887308
2020-11-09,0.04327088342371016
2020-11-10,-0.005237610584896024
2020-11-11,0.02859081995336682
2020-11-12,-0.03756958095604607
2020-11-13,0.05073210735551392
2020-11-16,0.044008575055385524
2020-11-17,-0.018315829369314862
2020-11-18,-0.04398749815162384
2020-11-19,0.014838140248559062
2020-11-20,-0.025640053426664977
2020-11-23,0.021129596021563446
2020-11-24,0.06093332877639823
2020-11-25,-0.0060701482835012754
2020-11-27,0.009168453136538579
2020-11-30,-0.01762029154516387
2020-12-01,0.043017960578563996
2020-12-02,0.00691322443398823
2020-12-03,-0.002413305480767458
2020-12-04,0.034144584094695896
2020-12-07,-0.007545531546852446
2020-12-08,0.01084406698563023
2020-12-09,-0.031014663886015148
2020-12-10,-0.004974149287869545
2020-12-11,-0.004889841672820472
2020-12-14,-0.01682990765408343
2020-12-15,0.04966772371552519
2020-12-16,0.006902685982106971
2020-12-17,0.022457440958579156
2020-12-18,-0.013773756608570387
2020-12-21,-0.015270216775683076
2020-12-22,-0.008072454140906404
2020-12-23,0.002898074267296713
2020-12-24,0.013752679704807758
2020-12-28,0.03403919957588519
2020-12-29,-0.008767991965057842
2020-12-30,0.005269225940539468
2020-12-31,0.02532389987023298
2021-01-04,-0.0584041003249397
2021-01-05,0.027621282380308032
2021-01-06,0.02242582560293571
2021-01-07,0.05864648471820455
2021-01-08,0.022014825979573716
2021-01-11,-0.0264198988658646
2021-01-12,0.0016650753972103916
2021-01-13,0.009115760877133394
2021-01-14,-0.015069986189943041
2021-01-15,-0.028759435183464466
2021-01-19,0.03231089346738791
2021-01-20,0.055790564258432096
2021-01-21,0.0012856911294918394
2021-01-22,-0.012224604182051957
2021-01-25,0.014637909662818971
2021-01-26,-0.006049071379739535
2021-01-27,-0.10417259684446534
2021-01-28,0.03858127233663011
2021-01-29,-0.07707823705821182
2021-02-01,0.0628302501149931
2021-02-02,0.05527418011625895
2021-02-03,0.004067842426096591
2021-02-04,0.04380834446964499
2021-02-05,0.015902523888548292
2021-02-08,0.03030858760998323
2021-02-09,-0.0045947650201505486
2021-02-10,-0.001422691003945542
2021-02-11,0.006849993722701342
2021-02-12,0.01944344372059048
2021-02-16,-0.002360613221361496
2021-02-17,-0.0013278449370162093
2021-02-18,-0.01829475246555312
2021-02-19,-0.007650916065663149
2021-02-22,-0.03183666313273947
2021-02-23,0.005132226066085321
2021-02-24,0.04643241898803374
2021-02-25,-0.10126398412528725
2021-02-26,-0.019169443971682743
2021-03-01,0.09555214320574301
2021-03-02,-0.03322773878104224
2021-03-03,-0.05329295116261634
2021-03-04,-0.05400956589052974
2021-03-05,0.07742600597028737
2021-03-08,-0.02169867242314172
2021-03-09,0.05700248622475623
2021-03-10,0.02462836204608143
2021-03-11,0.04271234547401315
2021-03-12,0.004215380752431663
2021-03-15,0.026978436815562
2021-03-16,-0.0065654555219122335
2021-03-17,0.012024373596310922
2021-03-18,-0.061818558734409
2021-03-19,-0.002487074643934717
2021-03-22,0.028970204221086315
2021-03-23,-0.03168912480640462
2021-03-24,-0.02253121012174697
2021-03-25,0.021477364933639054
2021-03-26,0.06852101413077538
2021-03-29,-0.0036357658989720765
2021-03-30,-0.013215218658872985
2021-03-31,0.015112139997466967
2021-04-01,0.04950964693730886
2021-04-05,0.06116517471778227
2021-04-06,-0.004183765396788219
2021-04-07,0.006333609580528199
2021-04-08,0.01814721413921827
2021-04-09,0.03333312329985283
2021-04-12,-0.0008536146023676583
2021-04-13,0.014332294558267566
2021-04-14,-0.017841599034666977
2021-04-15,0.04822395580781769
2021-04-16,0.015860370081024033
2021-04-19,-0.02340590162787648
2021-04-20,-0.02984489572721616
2021-04-21,0.04055196283839213
2021-04-22,-0.04050980903086798
2021-04-23,0.04762326405059647
2021-04-26,0.007851146651403518
2021-04-27,-0.000948460669296658
2021-04-28,-0.0037306119659019643
2021-04-29,0.02981328037157227
2021-04-30,-0.03193150919966947
2021-05-03,0.012108681211359551
2021-05-04,-0.029507665267020977
2021-05-05,0.0030877664011563777
2021-05-06,0.03586235175131147
2021-05-07,0.032648123927583095
2021-05-10,-0.046548341958725814
2021-05-11,-0.038286195683959745
2021-05-12,-0.09385545245288962
2021-05-13,0.052123183003816465
2021-05-14,0.06465340229041971
2021-05-17,-0.011128605186419671
2021-05-18,-0.03736935037030609
2021-05-19,-0.012804219035510433
2021-05-20,0.04577903497140645
2021-05-21,-0.003435535313231819
2021-05-24,0.043407883298164585
2021-05-25,-0.009400299077922503
2021-05-26,0.008283223178527699
2021-05-27,0.0051533029698480615
2021-05-28,0.003403919957587931
2021-06-01,-0.0021814595393829794
2021-06-02,0.006407378743696013
2021-06-03,-0.01609221602240707
2021-06-04,0.03903442576751637
2021-06-07,-0.0035514582839235587
2021-06-08,0.0007798454391996223
2021-06-09,-0.008125146400311811
2021-06-10,0.02068698104255806
2021-06-11,0.00870476125377051
2021-06-14,0.008125146400311811
2021-06-15,-0.009020914810202951
2021-06-16,-0.024122516355790102
2021-06-17,-0.001939075146118796
2021-06-18,-0.05839356187305822
2021-06-21,0.06148132827421482
2021-06-22,0.022815748322535523
2021-06-23,-0.004847687865295658
2021-06-24,0.02597728388685905
2021-06-25,0.014975140123013375
2021-06-28,0.010443605814149048
2021-06-29,0.0012540757738488395
2021-06-30,0.006006917572214832
2021-07-01,0.023648286021140885
2021-07-02,0.03414458409469634
2021-07-06,-0.009273837655349615
2021-07-07,0.015375601294494334
2021-07-08,-0.03931896396830603
2021-07-09,0.05135387601649821
2021-07-12,0.015891985436667033
2021-07-13,-0.016250292800623845
2021-07-14,0.005364072007469245
2021-07-15,-0.015038370834300041
2021-07-16,-0.03463989133310652
2021-07-19,-0.0723675490673692
2021-07-20,0.06804678379612739
2021-07-21,0.037548504052283604
2021-07-22,0.009263299203468245
2021-07-23,0.04669588028506144
2021-07-26,0.011075912927014153
2021-07-27,-0.021962133720168753
2021-07-28,-0.0008641530542481402
2021-07-29,0.01950667443187637
2021-07-30,-0.025176361543896908
2021-08-02,-0.008536146023674362
2021-08-03,0.037927888320002934
2021-08-04,-0.02159328790433057
2021-08-05,0.027863666773573215
2021-08-06,0.00781953129576074
2021-08-09,-0.004394534434410069
2021-08-10,0.004636918827674474
2021-08-11,0.011539604809781112
2021-08-12,0.013836987319856942
2021-08-13,0.007556069998733594
2021-08-16,0.012340527152743475
2021-08-17,-0.03333312329985283
2021-08-18,-0.050384338443437926
2021-08-19,0.005827763890236426
2021-08-20,0.037801426897430046
2021-08-23,0.03989857882176451
2021-08-24,0.007060762760322747
2021-08-25,0.010496298073554788
2021-08-26,-0.027600205476545403
2021-08-27,0.04148988505580764
2021-08-30,0.020465673553055508
2021-08-31,-0.006438994099339013
2021-09-01,0.001485921715232097
2021-09-02,0.013552449119067278
2021-09-03,-0.0016018446859236146
2021-09-07,-0.016229215896862215
2021-09-08,-0.006280917321123125
2021-09-09,-0.021909441460763013
2021-09-10,-0.036568428027343725
2021-09-13,0.010696528659294602
2021-09-14,-0.027062744430609964
2021-09-15,0.03967727133226173
2021-09-16,-0.007324224057349671
2021-09-17,-0.042954729867277885
2021-09-20,-0.07931238885700043
2021-09-21,-0.0037306119659019643
2021-09-22,0.04368188304707288
2021-09-23,0.05621210233367435
2021-09-24,0.006849993722701342
2021-09-27,-0.013036064976894579
2021-09-28,-0.09535191262000176
2021-09-29,0.007197762634776783
2021-09-30,-0.054715642166561995
2021-10-01,0.052165336811340834
2021-10-04,-0.05962656074314476
2021-10-05,0.04769703321376362
2021-10-06,0.018790059703963857
2021-10-07,0.03815973426138686
2021-10-08,-0.008873376483868656
2021-10-11,-0.031773432421453585
2021-10-12,-0.011107528282657153
2021-10-13,0.01385806422361946
2021-10-14,0.07846931270651392
2021-10-15,0.034892814178252074
2021-10-18,0.01590252388854818
2021-10-19,0.03495604488953896
2021-10-20,0.017451676315066278
2021-10-21,0.014321756106386418
2021-10-22,-0.005142764517966691
2021-10-25,0.022741979159368375
2021-10-26,0.008757453513177138
2021-10-27,-0.024354362297173138
2021-10-28,0.04714903371594703
2021-10-29,0.00944245288544665
2021-11-01,0.008736376609414398
2021-11-02,0.017894291294071607
2021-11-03,0.03153104802818829
2021-11-04,0.020539442716223766
2021-11-05,0.018410675436244084
2021-11-08,0.004394534434410069
2021-11-09,-0.01733575334437476
2021-11-10,-0.04061519354967813
2021-11-11,0.0026978436815565665
2021-11-12,0.03538812141666314
2021-11-15,-5.2692259405517916e-05
2021-11-16,0.01907459790475219
2021-11-17,-0.012888526650558951
2021-11-18,0.016724523135272173
2021-11-19,-0.006934301337750082
2021-11-22,-0.015828754725381033
2021-11-23,0.008177838659717551
2021-11-24,0.011339374224041299
2021-11-26,-0.11259281989744774
2021-11-29,0.06391571065874446
2021-11-30,-0.09302291475428448
2021-12-01,-0.056865486350301975
2021-12-02,0.06750932275019217
2021-12-03,-0.04075219342413239
2021-12-06,0.05610671781486398
2021-12-07,0.10019960048529875
2021-12-08,0.015238601420040077
2021-12-09,-0.0355778135505227
2021-12-10,0.04696988003396951
2021-12-13,-0.04536803534804501
2021-12-14,-0.0367581201612035
2021-12-15,0.07983931145105427
2021-12-16,-0.04339734484628344
2021-12-17,-0.05061618438482185
2021-12-20,-0.05545333379823747
2021-12-21,0.0855827677262413
2021-12-22,0.04987849275314771
2021-12-23,0.0308038948483933
2021-12-27,0.06892147530225601
2021-12-28,-0.005100610710441433
2021-12-29,0.007071301212203895
2021-12-30,-0.015101601545586929
2021-12-31,-0.013225757110753245
2022-01-03,0.03201581681471799
2022-01-04,-0.0031826124680864876
2022-01-05,-0.0979654486865098
2022-01-06,-0.00477391870212851
2022-01-07,-0.020044135477812697
2022-01-10,-0.007102916567847117
2022-01-11,0.04508349714725557
2022-01-12,0.013995064098073495
2022-01-13,-0.07094485806342399
2022-01-14,0.004025688618572776
2022-01-18,-0.0903566864283718
2022-01-19,-0.04673803409258448
2022-01-20,-0.05272387476103879
2022-01-21,-0.0893555334996683
2022-01-24,0.012846372843035692
2022-01-25,-0.05657040969763205
2022-01-26,-0.006871070626462972
2022-01-27,-0.02468105430548717
2022-01-28,0.11101205211528598
2022-01-31,0.08820684224463071
2022-02-01,0.032658662379463355
2022-02-02,0.04514672785854246
2022-02-03,-0.11796743035679835
2022-02-04,0.024333285393411508
2022-02-07,-0.017557060833877536
2022-02-08,0.03969834823602447
2022-02-09,0.06917439814740267
2022-02-10,-0.0875745351317665
2022-02-11,-0.09004053287193825
2022-02-14,-0.017883752842191125
2022-02-15,0.07313685605468745
2022-02-16,0.0041521500411456636
2022-02-17,-0.09985183157322308
2022-02-18,-0.033080200454707054
2022-02-22,-0.046485111247438926
2022-02-23,-0.08352776960943209
2022-02-24,0.06660301588841877
2022-02-25,0.1011164457989524
2022-02-28,-0.011286681964635559
2022-03-01,-0.07132424233114176
2022-03-02,0.08460269170130164
2022-03-03,-0.02429113158588736
2022-03-04,-0.03648412041229521
2022-03-07,-0.13466033813642664
2022-03-08,-0.03202635526659914
2022-03-09,0.11295112726140455
2022-03-10,-0.019348597653660704
2022-03-11,-0.058182792835436814
2022-03-14,-0.03287996986896724
2022-03-15,0.09415052910555954
2022-03-16,0.10054736939737419
2022-03-17,0.05670740957208631
2022-03-18,0.054220334928150926
2022-03-21,-0.0020444596649287217
2022-03-22,0.05314541283628049
2022-03-23,-0.05835140806553407
2022-03-24,0.06736178442385676
2022-03-25,0.02413305480767125
2022-03-28,0.03420781480598234
2022-03-29,0.059099638149090694
2022-03-30,-0.03071958723334567
2022-03-31,-0.07591900735129276
2022-04-01,0.016281908156266844
2022-04-04,0.03876042601860896
2022-04-05,-0.06061717521996646
2022-04-06,-0.04633757292110441
2022-04-07,0.020086289285336845
2022-04-08,-0.01257237309412762
2022-04-11,-0.0798287729991729
2022-04-12,-0.015891985436667033
2022-04-13,0.05178595254362239
2022-04-14,-0.05690764015782657
2022-04-18,-0.0009484606692975461
2022-04-19,0.07431716266536914
2022-04-20,-0.002908612719177972
2022-04-21,-0.06933247492561834
2022-04-22,-0.1284426515265904
2022-04-25,0.025650591878546347
2022-04-26,-0.12743096014600686
2022-04-27,0.009231683847825467
2022-04-28,0.10911513077669133
2022-04-29,-0.16394669591394506
2022-05-02,0.02471266966113017
2022-05-03,0.02118228828096802
2022-05-04,0.1314039565051741
2022-05-05,-0.16155446733694068
2022-05-06,-0.024796977276178467
2022-05-09,-0.13921294934905337
2022-05-10,0.01033822129533879
2022-05-11,-0.06941678254066741
2022-05-12,-0.005374610459350171
2022-05-13,0.09886121709640161
2022-05-16,-0.01673506158715299
2022-05-17,0.08519284500664193
2022-05-18,-0.1740636097197812
2022-05-19,-0.024122516355789547
2022-05-20,0.0006006917572216608
2022-05-23,0.07628785316713038
2022-05-24,-0.03400758422024175
2022-05-25,0.03925573325701914
2022-05-26,0.08336969283121576
2022-05-27,0.10580605688603228
2022-05-31,-0.027494820957735033
2022-06-01,-0.03258489321629621
2022-06-02,0.07966015776907587
2022-06-03,-0.07195654944400687
2022-06-06,0.013584064474711166
2022-06-07,0.041363423633234975
2022-06-08,-0.047328187397925436
2022-06-09,-0.10322413617516879
2022-06-10,-0.12325773320109945
2022-06-13,-0.15937300779755703
2022-06-14,-0.01491190941172682
2022-06-15,0.05744510120376112
2022-06-16,-0.12985480407865468
2022-06-17,0.008504530668030919
2022-06-21,0.09479337467030502
2022-06-22,-0.005163841421728765
2022-06-23,0.037769811541787046
2022-06-24,0.12225658027239672
2022-06-27,-0.012256219537694402
2022-06-28,-0.08279007797775628
2022-06-29,-0.002866458911653713
2022-06-30,-0.035251121542208885
2022-07-01,0.04210111526491023
2022-07-05,0.006386301839933828
2022-07-06,0.014427140625197121
2022-07-07,0.0606382521237282
2022-07-08,-0.003414458409469301
2022-07-11,-0.04737034120545025
2022-07-12,-0.03754850405228394
2022-07-13,-0.01793644510159631
2022-07-14,-0.012013835144430107
2022-07-15,0.07669885279049238
2022-07-18,-0.03404973802776612
2022-07-19,0.11153897470933982
2022-07-20,0.024459746815984285
2022-07-21,0.041152654595613125
2022-07-22,-0.0393295024201864
2022-07-25,0.005490533430042133
2022-07-26,-0.048255571163460464
2022-07-27,0.10808236249234571
2022-07-28,0.0514487220834271
2022-07-29,0.060975482583923046
2022-08-01,-0.012287834893337957
2022-08-02,-0.028917511961680686
2022-08-03,0.06742501513514321
2022-08-04,-0.003403919957589041
2022-08-05,-0.007113455019728265
2022-08-08,-0.005406225814992727
2022-08-09,-0.018537136858818082
2022-08-10,0.09249599216022952
2022-08-11,-0.0031299202086796374
2022-08-12,0.07680423730930253
2022-08-15,0.017904829745953865
2022-08-16,0.008493992216149104
2022-08-17,-0.03283781606144198
2022-08-18,0.010222298324646495
2022-08-19,-0.058235485094842554
2022-08-22,-0.09536245107188313
2022-08-23,-0.009758606441879314
2022-08-24,0.012688296064819804
2022-08-25,0.0614918667260953
2022-08-26,-0.14907694030974306
2022-08-29,-0.028506512338318246
2022-08-30,-0.04684341861139629
2022-08-31,-0.03283781606144187
2022-09-01,0.012488065479078547
2022-09-02,-0.04488326656151498
2022-09-06,-0.016935292172894023
2022-09-07,0.07553962308357376
2022-09-08,0.027726666899118624
2022-09-09,0.06447424860844142
2022-09-12,0.045368035348044455
2022-09-13,-0.18728936683053488
2022-09-14,0.01403721790559731
2022-09-15,-0.047064726100898846
2022-09-16,-0.029528742170783273
2022-09-19,0.02799012819614566
2022-09-20,-0.04632703446922315
2022-09-21,-0.06955378241512111
2022-09-22,-0.0336598153081662
2022-09-23,-0.06824701438186709
2022-09-26,-0.040246347733840615
2022-09-27,-0.008167300207836181
2022-09-28,0.07561339224674157
2022-09-29,-0.08280061642963754
2022-09-30,-0.057803408567717984
2022-10-03,0.09780737190829375
2022-10-04,0.1185575836621382
2022-10-05,-0.008061915689025034
2022-10-06,-0.040847039491062276
2022-10-07,-0.11050620642499398
2022-10-10,-0.02873835827970228
2022-10-11,-0.024818054179940707
2022-10-12,-0.012445911671554177
2022-10-13,0.09788114107146101
2022-10-14,-0.09151591613528937
2022-10-17,0.09998883144767673
2022-10-18,0.04429311325617513
2022-10-19,-0.02615643756883812
2022-10-20,-0.03096197162660963
2022-10-21,0.09165291600974346
2022-10-24,0.04699095693773114
2022-10-25,0.06509601726942471
2022-10-26,-0.030045126312956305
2022-10-27,-0.02455459288291373
2022-10-28,0.09880852483699609
2022-10-31,-0.030645818070177522
2022-11-01,-0.016735061587153544
2022-11-02,-0.10160121458548199
2022-11-03,-0.04194303848669445
2022-11-04,0.05338779722954634
2022-11-07,0.03820188806891123
2022-11-08,0.022457440958579156
2022-11-09,-0.08382284626210201
2022-11-10,0.21898903008882042
2022-11-11,0.038528580077224595
2022-11-14,-0.037601196311689566
2022-11-15,0.036336582085960245
2022-11-16,-0.03471366049627411
2022-11-17,-0.012888526650559506
2022-11-18,0.019791212632666477
2022-11-21,-0.01622921589686177
2022-11-22,0.05652825589010746
2022-11-23,0.024955054054395243
2022-11-25,-0.0012013835144433216
2022-11-28,-0.06552809379654878
2022-11-29,-0.006649763136960751
2022-11-30,0.12907495863945506
2022-12-01,-0.0037306119659019643
2022-12-02,-0.0051322260660857655
2022-12-05,-0.0767831604055409
2022-12-06,-0.06068040593125257
2022-12-07,-0.007735223680712111
2022-12-08,0.03118327911611274
2022-12-09,-0.03069851032958304
2022-12-12,0.0592050226679014
2022-12-13,0.03065635652205878
2022-12-14,-0.025640053426664977
2022-12-15,-0.10493136537990333
2022-12-16,-0.04572634271200149
2022-12-19,-0.03656842802734428
2022-12-20,0.004173226944907293
2022-12-21,0.05987948358829087
2022-12-22,-0.059068022793447805
2022-12-23,0.023637747569260403
2022-12-27,-0.016408369578840065
2022-12-28,-0.048508494008606684
2022-12-29,0.069617013126408
2022-12-30,-0.010306605939695457
2023-01-03,-0.0161870620893374
2023-01-04,0.0303823567731506
2023-01-05,-0.04728603359040118
2023-01-06,0.09166345446162483
2023-01-09,-0.0031509971124423775
2023-01-10,0.028622435309010208
2023-01-11,0.05307164367311379
2023-01-12,0.014290140750742975
2023-01-13,0.016777215394677802
2023-01-17,-0.008557222927436436
2023-01-18,-0.06545432463338108
2023-01-19,-0.03162589409511818
2023-01-20,0.07773162107483855
2023-01-23,0.04974149287869256
2023-01-24,-0.003013997237988786
2023-01-25,-0.0007693069873186964
2023-01-26,0.04659049576625007
2023-01-27,0.010675451755533083
2023-01-30,-0.055632487480215764
2023-01-31,0.06199771241638741
2023-02-01,0.04490434346527761
2023-02-02,0.0638103261399332
2023-02-03,-0.045610419741310304
2023-02-06,-0.026767667777940263
2023-02-07,0.05576948735466991
2023-02-08,-0.048624416979298646
2023-02-09,-0.038317811039602745
2023-02-10,0.009442452885446873
2023-02-13,0.04935157015909253
2023-02-14,-0.0012224604182049514
2023-02-15,0.012087604307597921
2023-02-16,-0.06026940630789124
2023-02-17,-0.011929527529380923
2023-02-21,-0.08615184412782051
2023-02-22,-0.006628686233198677
2023-02-23,0.022415287151054897
2023-02-24,-0.044556574553201944
2023-02-27,0.012856911294916062
2023-02-28,-0.0127409883242241
2023-03-01,-0.019770135728904292
2023-03-02,0.03157320183571255
2023-03-03,0.06775170714345657
2023-03-06,0.002929689622940157
2023-03-07,-0.06539109392209508
2023-03-08,0.005943686860928832
2023-03-09,-0.07765785191167085
2023-03-10,-0.059784637521360984
2023-03-13,-0.006143917446668978
2023-03-14,0.06695078480049432
2023-03-15,-0.028833204346632058
2023-03-16,0.07203031860717501
2023-03-17,-0.04598980400902897
2023-03-20,0.03681081242060913
2023-03-21,0.054062258149934816
2023-03-22,-0.06944839789631041
2023-03-23,0.012382680960267733
2023-03-24,0.023469132339162813
2023-03-27,0.006892147530226045
2023-03-28,-0.0065970708775556774
2023-03-29,0.05958440693562039
2023-03-30,0.024259516230243805
2023-03-31,0.061628866600550114
2023-04-03,0.01601844685923992
2023-04-04,-0.025197438447659648
2023-04-05,-0.010770297822463082
2023-04-06,0.015428293553900074
2023-04-10,0.004310226819360441
2023-04-11,-0.00017915368197840564
2023-04-12,-0.017904829745952977
2023-04-13,0.05719217835861601
2023-04-14,-0.009041991713965691
2023-04-17,0.014416602173315418
2023-04-18,0.0037411504177831123
2023-04-19,-0.0003688458158370711
2023-04-20,-0.0260615915019089
2023-04-21,0.00393084255164311
2023-04-24,0.0037095350621392242
2023-04-25,-0.06893201375413738
2023-04-26,-0.016482138742007768
2023-04-27,0.08363315412824313
2023-04-28,0.03596773627012184
2023-05-01,-0.0016966907528535025
2023-05-02,-0.05089018413373014
2023-05-03,-0.03038235677315071
2023-05-04,-0.031120048404826295
2023-05-05,0.07907000446373569
2023-05-08,0.001970690501761574
2023-05-09,-0.01997036631464444
2023-05-10,0.01946452062435311
2023-05-11,-0.007397993220517929
2023-05-12,-0.00689214753022549
2023-05-15,0.012856911294916173
2023-05-16,-0.02780043606228655
2023-05-17,0.05150141434283384
2023-05-18,0.04139503898887775
2023-05-19,-0.006396840291815531
2023-05-22,0.0006849993722706227
2023-05-23,-0.049583416100476674
2023-05-24,-0.03197366300719362
2023-05-25,0.03798058057940845
2023-05-26,0.05708679383980475
2023-05-30,7.376916316825799e-05
2023-05-31,-0.027073282882492444
2023-06-01,0.04340788329816481
2023-06-02,0.06465340229041883
2023-06-05,-0.009041991713965691
2023-06-06,0.010601682592365824
2023-06-07,-0.017209291921801873
2023-06-08,0.02783205141792955
2023-06-09,0.005195456777371099
2023-06-12,0.042227576687484225
2023-06-13,0.03169966325828533
2023-06-14,0.003772765773426112
2023-06-15,0.056117256266745574
2023-06-16,-0.017124984306753355
2023-06-20,-0.0220042875276929
2023-06-21,-0.02425951623024436
2023-06-22,0.017072292047348725
2023-06-23,-0.03536704451290129
2023-06-26,-0.020560519619985396
2023-06-27,0.05226018287827072
2023-06-28,-0.0016334600415675027
2023-06-29,0.020634288783152543
2023-06-30,0.056844409446540345
2023-07-03,0.005490533430042355
2023-07-05,-0.009242222299706837
2023-07-06,-0.03712696597704057
2023-07-07,-0.013320603177684243
2023-07-10,0.011149682090181523
2023-07-11,0.031330817442448256
2023-07-12,0.0346715066887493
2023-07-13,0.03991965572552725
2023-07-14,-0.004868764769058398
2023-07-17,0.018305290917433936
2023-07-18,0.0339232766051929
2023-07-19,0.011318297320279447
2023-07-20,-0.03251112405312884
2023-07-21,0.0015491524265187628
2023-07-24,0.019285366942374704
2023-07-25,0.013510295311542908
2023-07-26,-0.0007482300835566225
2023-07-27,-0.030919817819085926
2023-07-28,0.04723334133099555
2023-07-31,0.0070923781159666355
2023-08-01,-0.012888526650560062
2023-08-02,-0.06675055421475329
2023-08-03,-0.012119219663240699
2023-08-04,-0.02514474618825502
2023-08-07,0.042585884051439926
2023-08-08,-0.020086289285335956
2023-08-09,-0.0333752771073772
2023-08-10,0.0011803066106808036
2023-08-11,-0.0050373799991554336
2023-08-14,0.027052205978729704
2023-08-15,-0.054652411455275995
2023-08-16,-0.035335429157257625
2023-08-17,-0.03579912104002547
2023-08-18,-0.0006849993722697345
2023-08-21,0.03167858635452392
2023-08-22,-0.012877988198678914
2023-08-23,0.05106933781570877
2023-08-24,-0.06291455773004118
2023-08-25,0.030983048530371704
2023-08-28,0.029086127191778388
2023-08-29,0.06778332249909935
2023-08-30,0.0181682910429799
2023-08-31,-0.007598223806257964
2023-09-01,0.008546684475555733
2023-09-05,-0.01995982786276418
2023-09-06,-0.033038046647182906
2023-09-07,-0.0151121399974663
2023-09-08,0.006691916944484566
2023-09-11,0.03158374028759381
2023-09-12,-0.026936283008038187
2023-09-13,0.005838302342117796
2023-09-14,0.03968780978414399
2023-09-15,-0.057729639404551225
2023-09-18,0.003382843053826523
2023-09-19,-0.010095836902073607
2023-09-20,-0.04399803660350465
2023-09-21,-0.07608762258138979
2023-09-22,-0.010475221169792048
2023-09-25,0.018315829369314418
2023-09-26,-0.06735124597197562
2023-09-27,0.001032768284346286
2023-09-28,0.026546360288437487
2023-09-29,-0.012277296441456587
2023-10-02,0.0003583073639568113
2023-10-03,-0.062113635387079924
2023-10-04,0.036146889952101136
2023-10-05,-0.005859379245880314
2023-10-06,0.05301895141370849
2023-10-09,0.02862243530901032
2023-10-10,0.02379582434747629
2023-10-11,0.019717443469498663
2023-10-12,-0.028812127442869873
2023-10-13,-0.0230054404563953
2023-10-16,0.04831880187474735
2023-10-17,-0.0004531534308866991
2023-10-18,-0.061755328023122225
2023-10-19,-0.038570733884749187
2023-10-20,-0.05673902492772931
2023-10-23,-0.0075033777393280765
2023-10-24,0.032289816563626283
2023-10-25,-0.06418971040765187
2023-10-26,-0.05220749061886609
2023-10-27,-0.020929365435822467
2023-10-30,0.052112644551935317
2023-10-31,0.02843274317515143
2023-11-01,0.04643241898803341
2023-11-02,0.0842233074335832
2023-11-03,0.04274396082965648
2023-11-06,0.008051377237143775
2023-11-07,0.013067680332538467
2023-11-08,0.004636918827674474
2023-11-09,-0.0373377350146622
2023-11-10,0.07154554982064432
2023-11-13,-0.00388868874411763
2023-11-14,0.08868107257927904
2023-11-15,0.0075666084506149645
2023-11-16,0.00564861020825802
2023-11-17,0.0060912251872642376
2023-11-20,0.03515627547527922
2023-11-21,-0.009684837278712166
2023-11-22,0.01942236681682874
2023-11-24,0.002866458911653824
2023-11-27,-0.009389760626041133
2023-11-28,0.00470014953896114
2023-11-29,-0.004542072760745475
2023-11-30,0.01814721413921827
2023-12-01,0.028274666396934878
2023-12-04,-0.026188052924481786
2023-12-05,-0.002739997489079826
2023-12-06,-0.018800598155845005
2023-12-07,0.03820188806891123
2023-12-08,0.019791212632666033
2023-12-11,0.01904298254910919
2023-12-12,0.022404748699174082
2023-12-13,0.06680324647415992
2023-12-14,0.013130911043824467
2023-12-15,-0.00037938426771955136
2023-12-18,0.02252067166986671
2023-12-19,0.029307434681280053
2023-12-20,-0.0737902400713144
2023-12-21,0.05100610710442166
2023-12-22,0.008304300082290439
2023-12-26,0.02120336518473076
2023-12-27,0.007197762634776783
2023-12-28,0.0018653059829514262
2023-12-29,-0.01424798694321927
2024-01-02,-0.02845382007891306
2024-01-03,-0.040067194051861765
2024-01-04,-0.016998522884180467
2024-01-05,0.009020914810203173
2024-01-08,0.06986993597155355
2024-01-09,-0.007419070124279559
2024-01-10,0.028401127819507543
2024-01-11,-0.003382843053826301
2024-01-12,0.0037833042253074822
2024-01-16,-0.018811136607726375
2024-01-17,-0.028211435685647768
2024-01-18,0.04397695969974191
2024-01-19,0.062039866223912776
2024-01-22,0.011191835897705671
2024-01-23,0.014932986315489005
2024-01-24,0.004162688493025923
2024-01-25,0.026988975267442816
2024-01-26,-0.003361766150063561
2024-01-29,0.03895011815246785
2024-01-30,-0.0031193817567995996
2024-01-31,-0.08359100032071876
2024-02-01,0.06379978768805183
2024-02-02,0.055242564760616064
2024-02-05,-0.016650753972104138
2024-02-06,0.012034912048191293
2024-02-07,0.043028499030446365
2024-02-08,0.0030034587861069717
2024-02-09,0.03024535689869623
2024-02-12,-0.0050268415472740635
2024-02-13,-0.0723675490673692
2024-02-14,0.050004954175719485
2024-02-15,0.03067743342582019
2024-02-16,-0.02546089974468635
2024-02-20,-0.03167858635452281
2024-02-21,0.006628686233198566
2024-02-22,0.11089612914459335
2024-02-23,0.0018653059829514262
2024-02-26,-0.02030759677483962
2024-02-27,0.009115760877134171
2024-02-28,-0.008873376483868878
2024-02-29,0.027937435936740584
2024-03-01,0.04300742212668274
2024-03-04,-0.006460071003101309
2024-03-05,-0.0551161033380434
2024-03-06,0.027515897861497773
2024-03-07,0.05543225689447473
2024-03-08,-0.03548296748359281
2024-03-11,-0.0060596098316203495
2024-03-12,0.06041694463422642
2024-03-13,-0.010496298073554566
2024-03-14,-0.015628524139640998
2024-03-15,-0.035187890830922
2024-03-18,0.034070814931528304
2024-03-19,0.03065635652205856
2024-03-20,0.04859280162365476
2024-03-21,0.017820522130904237
2024-03-22,-0.007745762132592482
2024-03-25,-0.016850984557845727
2024-03-26,-0.015396678198256186
2024-03-27,0.047328187397925436
2024-03-28,0.006175532802312755
2024-04-01,-0.011149682090181301
2024-04-02,-0.040003963340575766
2024-04-03,0.0059858406684520915
2024-04-04,-0.0677411686915752
2024-04-05,0.06020617559660435
2024-04-08,-0.0020549981168103137
2024-04-09,0.007924915814570888
2024-04-10,-0.05192295241807532
2024-04-11,0.040488732127105465
2024-04-12,-0.07972338848036298
2024-04-15,-0.06490632513556571
2024-04-16,-0.010970528408202895
2024-04-17,-0.030772279492750076
2024-04-18,-0.011687143136116962
2024-04-19,-0.04625326530605589
2024-04-22,0.045705265808240414
2024-04-23,0.06317801902706788
2024-04-24,0.0011381528031564336
2024-04-25,-0.02445974681598395
2024-04-26,0.05431518099508059
2024-04-29,0.017082830499229207
2024-04-30,-0.08481346073892393
2024-05-01,-0.018231521754265678
2024-05-02,0.048276648067222094
2024-05-03,0.0670140155117811
2024-05-06,0.05580110271031291
2024-05-07,0.007334762509231041
2024-05-08,-3.161535564322193e-05
2024-05-09,0.02783205141792955
2024-05-10,0.00906306861772821
